<?xml version="1.0" encoding="UTF-8" standalone="yes"?>
<addon id="plugin.video.Halow"
       name="HALOW LIVE"
       version="3.0.10"
       provider-name="Halow">
  <requires>
    <import addon="xbmc.python" version="2.1.0"/>
  </requires>
  <extension point="xbmc.python.pluginsource"
            library="default.py">
        <provides>video</provides>
  </extension>
  <extension point="xbmc.addon.metadata">
    <summary>Halow TV</summary>
    <description>Free live TV for The Word.</description>
    <platform>all</platform>
  </extension>
</addon>
